passenger_id,name,email,flight_id
1,KATHRYN FERNANDEZ,cmathis@example.net,5
2,JESSICA JOHNSON,jennifer42@example.com,10
3,JENNIFER BARNES,ohickman@example.org,8
4,MICHAEL PECK,yanderson@example.net,3
5,NICHOLAS MEADOWS,roger67@example.org,10
6,MICHAEL ADAMS,dannycooper@example.net,8
7,CRYSTAL ROJAS,darinsnyder@example.com,3
8,JOSEPH BALL,kellycook@example.net,9
9,DEANNA SMITH,tperez@example.org,6
10,RUSSELL GARCIA,mrodriguez@example.com,3
11,CRAIG DILLON,amartinez@example.com,10
12,STACY WEST,hhensley@example.net,7
13,BRANDON BROWN,joseph71@example.com,10
14,KIMBERLY LIVINGSTON,april06@example.net,10
15,JUAN SCHAEFER,jeffrey96@example.org,8
16,MICHAEL MOORE,cprice@example.net,8
17,DARREN BURNETT,samanthalewis@example.com,1
18,JOE BALL,cooperalexander@example.org,8
19,SUSAN OLIVER,kevinsmith@example.com,8
20,ROBERT SMITH,hendersonbriana@example.org,10
21,RANDALL MILLER,zlopez@example.org,3
22,JOSHUA DAVIS,tlopez@example.com,5
23,DAVID HERNANDEZ,mercerlisa@example.com,10
24,CYNTHIA KIM,sturner@example.com,5
25,SUSAN KRUEGER,lori77@example.org,4
26,MONICA JOHNSON,rodriguezcynthia@example.com,3
27,JOHN KHAN,richardcoleman@example.org,9
28,ROBERT JOHNSON,nicole89@example.org,7
29,SHAWN UNDERWOOD,delacruzjohn@example.net,5
30,MICHELLE MCCOY,richard26@example.net,10
31,ELIZABETH WATTS,richardhopkins@example.net,1
32,TYLER WALLACE,pespinoza@example.net,1
33,KIMBERLY ELLIS,johnsontammy@example.com,9
34,MICHAEL FORBES,lindasmith@example.com,3
35,JOSHUA LOPEZ,pellis@example.net,3
36,RICARDO MARTINEZ,audrey14@example.net,9
37,PAIGE KRAMER,vlittle@example.com,9
38,JEREMY ELLIS,hannah62@example.com,1
39,WILLIAM FIELDS,katieshaw@example.net,9
40,CRAIG HUNT,christine82@example.com,3
41,JONATHAN SIMMONS,coletodd@example.org,5
42,STEVEN NGUYEN,ufranco@example.org,10
43,RALPH CLARK,ybradford@example.com,4
44,JOSEPH WATSON,samantha40@example.net,10
45,ROBERT BLACK,ywallace@example.org,3
46,MIA RAMOS,gravesjoseph@example.org,7
47,ASHLEY GREGORY,csherman@example.com,6
48,ALEXIS LEE,cjohnson@example.com,10
49,LARRY PROCTOR,gbrown@example.com,5
50,STEPHANIE BROWN,charlottemercado@example.net,4
